,file_path,intrinsic_dimensions,k1,k2
0,/oscillation/T2_Data4_Test.txt,0.12734093123300516,30,40
1,/bgLV/I3/bgLV_B98_T2_fixed.txt,1.1759675129188416,10,20
2,/bgLV/I1/bgLV_B98_T2_fixed.txt,1.2722189668405626,10,20
3,/bgLV/I3/bgLV_B97_T3_fixed.txt,1.6198374449292094,10,20
4,/bgLV/I2/bgLV_B98_T2_fixed.txt,1.6457093525900326,10,20
5,/bgLV/I1/bgLV_B97_T3_fixed.txt,1.6517436553947606,10,20
6,/bgLV/I2/bgLV_B97_T3_fixed.txt,1.8402735479268408,10,20
7,/bgLV/I1/bgLV_B95_T5_fixed.txt,1.8446328975903563,10,20
8,/bgLV/I2/bgLV_B95_T5_fixed.txt,1.9007542634233785,10,20
9,/bgLV/I3/bgLV_B95_T5_fixed.txt,2.0133158424409103,10,20
10,/bgLV/I4/bgLV_B48_T2_fixed.txt,2.020657792674395,10,20
11,/bgLV/I4/bgLV_B47_T3_fixed.txt,2.052352484375421,10,20
12,/bgLV/I2/bgLV_B92_T8_fixed.txt,2.0919137953206097,10,20
13,/bgLV/I10/bgLV_B8_T2_fixed.txt,2.1093456197280096,10,20
14,/bgLV/I7/bgLV_B18_T2_fixed.txt,2.1290198861647176,10,20
15,/dgLV/I4/dgLV_B98_T2_fixed.txt,2.1458473117397556,10,20
16,/dgLV/I5/dgLV_B98_T2_fixed.txt,2.1458473117397556,10,20
17,/dgLV/I3/dgLV_B98_T2_fixed.txt,2.1519497841977664,10,20
18,/bgLV/I0/bgLV_B98_T2_fixed.txt,2.1548671058112863,10,20
19,/bgLV/I1/bgLV_B96_T4_random.txt,2.1781603040373936,10,20
20,/bgLV/I1/bgLV_B92_T8_fixed.txt,2.1798276428224654,10,20
21,/bgLV/I3/bgLV_B92_T8_fixed.txt,2.2549134360614063,10,20
22,/dgLV/I2/dgLV_B98_T2_fixed.txt,2.2589335469707263,10,20
23,/bgLV/I7/bgLV_B18_T2_binary.txt,2.2779462725415898,1020,1030
24,/bgLV/I4/bgLV_B45_T5_fixed.txt,2.280801127602519,10,20
25,/bgLV/I2/bgLV_B90_T10_fixed.txt,2.28725757107551,10,20
26,/bgLV/I4/bgLV_B46_T4_fixed.txt,2.3173460421928525,10,20
27,/sgLV/I3/sgLV_B98_T2_fixed.txt,2.327868634060419,20,30
28,/bgLV/I1/bgLV_B90_T10_fixed.txt,2.3615146722940166,10,20
29,/bgLV/I0/bgLV_B97_T3_fixed.txt,2.432514735498313,10,20
30,/sgLV/I2/sgLV_B98_T2_fixed.txt,2.5150044147981543,20,30
31,/bgLV/I3/bgLV_B90_T10_fixed.txt,2.5194529122476443,10,20
32,/dgLV/I1/dgLV_B98_T2_fixed.txt,2.526323940197305,10,20
33,/bgLV/I1/bgLV_B97_T3_random.txt,2.621815276478266,10,20
34,/bgLV/I0/bgLV_B92_T8_fixed.txt,2.651214535127823,10,20
35,/sgLV/I2/sgLV_B97_T3_fixed.txt,2.66928953482186,10,20
36,/bgLV/I4/bgLV_B42_T8_fixed.txt,2.7293839340995656,10,20
37,/bgLV/I0/bgLV_B90_T10_fixed.txt,2.73258467449179,10,20
38,/bgLV/I3/bgLV_B98_T2_random.txt,2.749504632371332,10,20
39,/bgLV/I1/bgLV_B95_T5_random.txt,2.7515249977922633,10,20
40,/bgLV/I1/bgLV_B98_T2_random.txt,2.7529438862891933,10,20
41,/bgLV/I10/bgLV_B7_T3_fixed.txt,2.758889673991368,10,20
42,/sgLV/I2/sgLV_B95_T5_fixed.txt,2.8275132221642623,10,20
43,/bgLV/I1/bgLV_B92_T8_random.txt,2.827807884372798,10,20
44,/bgLV/I4/bgLV_B40_T10_fixed.txt,2.8670730679819716,10,20
45,/bgLV/I0/bgLV_B96_T4_fixed.txt,2.892331272047935,10,20
46,/bgLV/I7/bgLV_B17_T3_fixed.txt,2.901901930924728,10,20
47,/bgLV/I7/bgLV_B12_T8_fixed.txt,2.9459016385865437,10,20
48,/bgLV/I2/bgLV_B95_T5_random.txt,2.9982860940766654,10,20
49,/sgLV/I3/sgLV_B91_T9_fixed.txt,3.0121833604826658,10,20
50,/bgLV/I7/bgLV_B15_T5_fixed.txt,3.0212268631490744,10,20
51,/bgLV/I1/bgLV_B90_T10_random.txt,3.062426957026629,10,20
52,/bgLV/I7/bgLV_B16_T4_fixed.txt,3.0654643043443817,10,20
53,/bgLV/I11/bgLV_B2_T8_random.txt,3.091870076191492,10,20
54,/bgLV/I11/bgLV_B0_T10_random.txt,3.104176593038258,10,20
55,/sgLV/I2/sgLV_B91_T9_fixed.txt,3.122687906768945,10,20
56,/bgLV/I0/bgLV_B95_T5_fixed.txt,3.129923430722481,10,20
57,/bgLV/I9/bgLV_B18_T2_random.txt,3.1457641420350995,10,20
58,/bgLV/I10/bgLV_B6_T4_fixed.txt,3.1563807346541966,10,20
59,/bgLV/I7/bgLV_B10_T10_fixed.txt,3.1655642557417996,10,20
60,/bgLV/I10/bgLV_B5_T5_fixed.txt,3.187872674977714,10,20
61,/sgLV/I3/sgLV_B97_T3_fixed.txt,3.1937493882066876,10,20
62,/bgLV/I2/bgLV_B98_T2_random.txt,3.2144073529406665,10,20
63,/bgLV/I4/bgLV_B47_T3_random.txt,3.2252790738347827,10,20
64,/bgLV/I2/bgLV_B92_T8_random.txt,3.241338558110392,10,20
65,/bgLV/I3/bgLV_B97_T3_random.txt,3.2457078400458386,10,20
66,/bgLV/I2/bgLV_B90_T10_random.txt,3.246056509684938,10,20
67,/bgLV/I4/bgLV_B45_T5_random.txt,3.26129622094261,10,20
68,/bgLV/I9/bgLV_B17_T3_random.txt,3.2672817636267184,10,20
69,/sgLV/I3/sgLV_B95_T5_fixed.txt,3.288336742598459,10,20
70,/bgLV/I10/bgLV_B2_T8_random.txt,3.294575939810903,10,20
71,/dgLV/I2/dgLV_B97_T3_fixed.txt,3.305117025011214,10,20
72,/bgLV/I6/bgLV_B47_T3_random.txt,3.307855698889327,10,20
73,/bgLV/I2/bgLV_B97_T3_random.txt,3.313147724367228,10,20
74,/bgLV/I3/bgLV_B95_T5_random.txt,3.313401140369945,10,20
75,/bgLV/I3/bgLV_B92_T8_random.txt,3.3211623128754053,10,20
76,/bgLV/I10/bgLV_B0_T10_random.txt,3.355644095455558,10,20
77,/bgLV/I10/bgLV_B0_T10_fixed.txt,3.3608510616038085,10,20
78,/bgLV/I4/bgLV_B46_T4_random.txt,3.361541004190556,10,20
79,/bgLV/I6/bgLV_B42_T8_random.txt,3.3618115704720353,10,20
80,/bgLV/I10/bgLV_B2_T8_fixed.txt,3.3644761465619712,10,20
81,/bgLV/I11/bgLV_B5_T5_random.txt,3.3911116427917194,10,20
82,/bgLV/I10/bgLV_B5_T5_random.txt,3.4333112536350536,10,20
83,/bgLV/I0/bgLV_B92_T8_random.txt,3.4534742761441506,10,20
84,/bgLV/I6/bgLV_B45_T5_random.txt,3.474447644835166,10,20
85,/bgLV/I4/bgLV_B40_T10_random.txt,3.4798871314516884,10,20
86,/bgLV/I9/bgLV_B15_T5_random.txt,3.500661426862907,10,20
87,/bgLV/I11/bgLV_B8_T2_random.txt,3.5199105222437854,10,20
88,/dgLV/I5/dgLV_B97_T3_fixed.txt,3.5287320019723394,10,20
89,/dgLV/I4/dgLV_B97_T3_fixed.txt,3.5287320019723394,10,20
90,/dgLV/I3/dgLV_B97_T3_fixed.txt,3.533803689565585,10,20
91,/bgLV/I5/bgLV_B48_T2_random.txt,3.5426033013238385,10,20
92,/bgLV/I6/bgLV_B40_T10_random.txt,3.5442896309579255,10,20
93,/bgLV/I5/bgLV_B45_T5_random.txt,3.555161721841611,10,20
94,/sgLV/I1/sgLV_B95_T5_fixed.txt,3.5600069538383723,20,30
95,/bgLV/I4/bgLV_B42_T8_random.txt,3.5621677377450824,10,20
96,/sgLV/I1/sgLV_B91_T9_fixed.txt,3.573977297197368,10,20
97,/bgLV/I4/bgLV_B48_T2_random.txt,3.580636313748478,10,20
98,/bgLV/I11/bgLV_B7_T3_random.txt,3.584769227643312,10,20
99,/bgLV/I10/bgLV_B6_T4_random.txt,3.5868701226406774,10,20
100,/bgLV/I9/bgLV_B12_T8_random.txt,3.6101368653729606,10,20
101,/bgLV/I10/bgLV_B7_T3_random.txt,3.633797723145362,10,20
102,/bgLV/I0/bgLV_B90_T10_random.txt,3.6347978427073566,10,20
103,/bgLV/I3/bgLV_B90_T10_random.txt,3.635499336435189,10,20
104,/bgLV/I5/bgLV_B40_T10_random.txt,3.6755701750322998,10,20
105,/bgLV/I7/bgLV_B12_T8_random.txt,3.676356766252421,10,20
106,/bgLV/I5/bgLV_B47_T3_random.txt,3.6812550590885964,10,20
107,/bgLV/I5/bgLV_B42_T8_random.txt,3.6970919644655256,10,20
108,/sgLV/I1/sgLV_B97_T3_fixed.txt,3.733341683858738,10,20
109,/bgLV/I9/bgLV_B10_T10_random.txt,3.7337094521475076,10,20
110,/bgLV/I10/bgLV_B8_T2_random.txt,3.7504330643962294,10,20
111,/sgLV/I1/sgLV_B98_T2_fixed.txt,3.7658191938157652,10,20
112,/bgLV/I7/bgLV_B16_T4_random.txt,3.76961929704291,10,20
113,/bgLV/I7/bgLV_B10_T10_random.txt,3.78336513609916,10,20
114,/dgLV/I1/dgLV_B97_T3_fixed.txt,3.789773607769659,10,20
115,/bgLV/I6/bgLV_B48_T2_random.txt,3.8129545287410362,10,20
116,/bgLV/I10/bgLV_B8_T2_random_long.txt,3.8158931777262954,10,20
117,/bgLV/I0/bgLV_B97_T3_random.txt,3.8325810125647024,10,20
118,/bgLV/I8/bgLV_B17_T3_random.txt,3.8599252054661877,10,20
119,/bgLV/I8/bgLV_B10_T10_random.txt,3.8786805746190676,10,20
120,/bgLV/I0/bgLV_B95_T5_random.txt,3.897971907959374,10,20
121,/bgLV/I8/bgLV_B15_T5_random.txt,3.942471016726069,10,20
122,/bgLV/I0/bgLV_B96_T4_random.txt,3.9731372991319374,10,20
123,/bgLV/I8/bgLV_B12_T8_random.txt,3.983162520564101,10,20
124,/bgLV/I7/bgLV_B15_T5_random.txt,3.9914344025138218,10,20
125,/bgLV/I4/bgLV_B48_T2_random_long.txt,4.0628336169994705,10,20
126,/bgLV/I12/bgLV_B0_T10_random.txt,4.217319612104421,10,20
127,/bgLV/I7/bgLV_B17_T3_random.txt,4.222487395695031,10,20
128,/bgLV/I8/bgLV_B18_T2_random.txt,4.270762514910143,10,20
129,/bgLV/I7/bgLV_B18_T2_random_100K.txt,4.287251069184475,10,20
130,/bgLV/I12/bgLV_B8_T2_random.txt,4.311039695681799,10,20
131,/bgLV/I7/bgLV_B18_T2_random.txt,4.311360150723328,10,20
132,/bgLV/I12/bgLV_B7_T3_random.txt,4.34762521659226,10,20
133,/bgLV/I12/bgLV_B2_T8_random.txt,4.3784640895569105,10,20
134,/bgLV/I7/bgLV_B18_T2_random_long.txt,4.442417626759932,10,20
135,/bgLV/I0/bgLV_B98_T2_random_100K.txt,4.472318878946471,10,20
136,/bgLV/I0/bgLV_B98_T2_random.txt,4.475990030715611,10,20
137,/bgLV/I12/bgLV_B5_T5_random.txt,4.522194974650102,10,20
138,/dgLV/I2/dgLV_B95_T5_fixed.txt,4.645948629453501,10,20
139,/dgLV/I3/dgLV_B95_T5_fixed.txt,4.806967318927108,10,20
140,/dgLV/I5/dgLV_B95_T5_fixed.txt,4.853133059676416,10,20
141,/dgLV/I4/dgLV_B95_T5_fixed.txt,4.853133059676416,10,20
142,/dgLV/I1/dgLV_B95_T5_fixed.txt,5.299780677796215,10,20
143,/dgLV/I2/dgLV_B92_T8_fixed.txt,5.434761483742094,10,20
144,/bgLV/I0/bgLV_B98_T2_random_long.txt,5.458404869448628,10,20
145,/dgLV/I1/dgLV_B92_T8_fixed.txt,5.8755889037641085,10,20
146,/dgLV/I4/dgLV_B92_T8_fixed.txt,6.059453794375411,10,20
147,/dgLV/I5/dgLV_B92_T8_fixed.txt,6.059453794375411,10,20
148,/dgLV/I3/dgLV_B92_T8_fixed.txt,6.1532378858202925,10,20
149,/bgLV/I0/bgLV_B98_T2_binary.txt,14.055889817635803,960,970
