,train_size_pct,train_size,cross_val,raw_accuracy,latent_accuracy
0,1.25,61.0,2.0,-0.034722552701735944,0.2739488024836579
1,12.5,615.0,2.0,0.5939837287151417,0.6838468458724298
2,25.0,1231.0,2.0,0.6967128366199411,0.7433167616289909
3,37.5,1846.0,2.0,0.7456941046607446,0.7847370600722163
4,50.0,2462.0,2.0,0.7703525363806041,0.7967428444806832
5,62.5,3077.8,2.0,0.7873624370339376,0.806478733597187
6,75.0,3692.8,2.0,0.8031027873248,0.8199987756449026
7,87.5,4308.8,2.0,0.8126899698682809,0.824922381111849
8,100.0,4924.8,2.0,0.8284874274233213,0.8291477282237161
